Workbook

Sheet Flights
A1: Flight | B1: From | C1: To | D1: Departure | E1: Arrival | F1: Departure | G1: Arrival | H1: Route | I1: Aircraft | J1: Optimized | K1: Dist | L1: Unit cost | M1: Cost | N1: =SUM(M2:M17) -> 522000
A2: GRB01 | B2: A | C2: B | D2: 4 | E2: =D2+K2 -> 7 | F2: =(7+(D2/2))/24 -> 0.375 | G2: =(7+(E2/2))/24 -> 0.4375 | H2: =IF(B2<C2,B2&C2,C2&B2) -> AB | I2: A1 | J2: A1 | K2: =VLOOKUP(H2,Routes!A$2:B$7,2,FALSE) -> 3 | L2: =VLOOKUP(I2,Airplanes!A$1:B$5,2,FALSE) -> 4000 | M2: =L2*K2 -> 12000
A3: GRB02 | B3: A | C3: D | D3: 13 | E3: =D3+K3 -> 15 | F3: =(7+(D3/2))/24 -> 0.5625 | G3: =(7+(E3/2))/24 -> 0.60416667 | H3: =IF(B3<C3,B3&C3,C3&B3) -> AD | I3: A2 | J3: A4 | K3: =VLOOKUP(H3,Routes!A$2:B$7,2,FALSE) -> 2 | L3: =VLOOKUP(I3,Airplanes!A$1:B$5,2,FALSE) -> 6000 | M3: =L3*K3 -> 12000
A4: GRB03 | B4: A | C4: C | D4: 14 | E4: =D4+K4 -> 20 | F4: =(7+(D4/2))/24 -> 0.58333333 | G4: =(7+(E4/2))/24 -> 0.70833333 | H4: =IF(B4<C4,B4&C4,C4&B4) -> AC | I4: A4 | J4: A2 | K4: =VLOOKUP(H4,Routes!A$2:B$7,2,FALSE) -> 6 | L4: =VLOOKUP(I4,Airplanes!A$1:B$5,2,FALSE) -> 10000 | M4: =L4*K4 -> 60000
A5: GRB04 | B5: A | C5: B | D5: 15 | E5: =D5+K5 -> 18 | F5: =(7+(D5/2))/24 -> 0.60416667 | G5: =(7+(E5/2))/24 -> 0.66666667 | H5: =IF(B5<C5,B5&C5,C5&B5) -> AB | I5: A3 | J5: A3 | K5: =VLOOKUP(H5,Routes!A$2:B$7,2,FALSE) -> 3 | L5: =VLOOKUP(I5,Airplanes!A$1:B$5,2,FALSE) -> 8000 | M5: =L5*K5 -> 24000
A6: GRB05 | B6: B | C6: C | D6: 1 | E6: =D6+K6 -> 6 | F6: =(7+(D6/2))/24 -> 0.3125 | G6: =(7+(E6/2))/24 -> 0.41666667 | H6: =IF(B6<C6,B6&C6,C6&B6) -> BC | I6: A2 | J6: A2 | K6: =VLOOKUP(H6,Routes!A$2:B$7,2,FALSE) -> 5 | L6: =VLOOKUP(I6,Airplanes!A$1:B$5,2,FALSE) -> 6000 | M6: =L6*K6 -> 30000
A7: GRB06 | B7: B | C7: D | D7: 7 | E7: =D7+K7 -> 13 | F7: =(7+(D7/2))/24 -> 0.4375 | G7: =(7+(E7/2))/24 -> 0.5625 | H7: =IF(B7<C7,B7&C7,C7&B7) -> BD | I7: A1 | J7: A1 | K7: =VLOOKUP(H7,Routes!A$2:B$7,2,FALSE) -> 6 | L7: =VLOOKUP(I7,Airplanes!A$1:B$5,2,FALSE) -> 4000 | M7: =L7*K7 -> 24000
A8: GRB07 | B8: B | C8: A | D8: 8 | E8: =D8+K8 -> 11 | F8: =(7+(D8/2))/24 -> 0.45833333 | G8: =(7+(E8/2))/24 -> 0.52083333 | H8: =IF(B8<C8,B8&C8,C8&B8) -> AB | I8: A4 | J8: A3 | K8: =VLOOKUP(H8,Routes!A$2:B$7,2,FALSE) -> 3 | L8: =VLOOKUP(I8,Airplanes!A$1:B$5,2,FALSE) -> 10000 | M8: =L8*K8 -> 30000
A9: GRB08 | B9: B | C9: D | D9: 19 | E9: =D9+K9 -> 25 | F9: =(7+(D9/2))/24 -> 0.6875 | G9: =(7+(E9/2))/24 -> 0.8125 | H9: =IF(B9<C9,B9&C9,C9&B9) -> BD | I9: A3 | J9: A3 | K9: =VLOOKUP(H9,Routes!A$2:B$7,2,FALSE) -> 6 | L9: =VLOOKUP(I9,Airplanes!A$1:B$5,2,FALSE) -> 8000 | M9: =L9*K9 -> 48000
A10: GRB09 | B10: B | C10: C | D10: 21 | E10: =D10+K10 -> 26 | F10: =(7+(D10/2))/24 -> 0.72916667 | G10: =(7+(E10/2))/24 -> 0.83333333 | H10: =IF(B10<C10,B10&C10,C10&B10) -> BC | I10: A1 | J10: A1 | K10: =VLOOKUP(H10,Routes!A$2:B$7,2,FALSE) -> 5 | L10: =VLOOKUP(I10,Airplanes!A$1:B$5,2,FALSE) -> 4000 | M10: =L10*K10 -> 20000
A11: GRB10 | B11: C | C11: B | D11: 1 | E11: =D11+K11 -> 6 | F11: =(7+(D11/2))/24 -> 0.3125 | G11: =(7+(E11/2))/24 -> 0.41666667 | H11: =IF(B11<C11,B11&C11,C11&B11) -> BC | I11: A4 | J11: A3 | K11: =VLOOKUP(H11,Routes!A$2:B$7,2,FALSE) -> 5 | L11: =VLOOKUP(I11,Airplanes!A$1:B$5,2,FALSE) -> 10000 | M11: =L11*K11 -> 50000
A12: GRB11 | B12: C | C12: A | D12: 6 | E12: =D12+K12 -> 12 | F12: =(7+(D12/2))/24 -> 0.41666667 | G12: =(7+(E12/2))/24 -> 0.54166667 | H12: =IF(B12<C12,B12&C12,C12&B12) -> AC | I12: A2 | J12: A2 | K12: =VLOOKUP(H12,Routes!A$2:B$7,2,FALSE) -> 6 | L12: =VLOOKUP(I12,Airplanes!A$1:B$5,2,FALSE) -> 6000 | M12: =L12*K12 -> 36000
A13: GRB12 | B13: C | C13: A | D13: 7 | E13: =D13+K13 -> 13 | F13: =(7+(D13/2))/24 -> 0.4375 | G13: =(7+(E13/2))/24 -> 0.5625 | H13: =IF(B13<C13,B13&C13,C13&B13) -> AC | I13: A3 | J13: A4 | K13: =VLOOKUP(H13,Routes!A$2:B$7,2,FALSE) -> 6 | L13: =VLOOKUP(I13,Airplanes!A$1:B$5,2,FALSE) -> 8000 | M13: =L13*K13 -> 48000
... A17: GRB16 | B17: D | C17: C | D17: 16 | E17: =D17+K17 -> 20 | F17: =(7+(D17/2))/24 -> 0.625 | G17: =(7+(E17/2))/24 -> 0.70833333 | H17: =IF(B17<C17,B17&C17,C17&B17) -> CD | I17: A2 | J17: A4 | K17: =VLOOKUP(H17,Routes!A$2:B$7,2,FALSE) -> 4 | L17: =VLOOKUP(I17,Airplanes!A$1:B$5,2,FALSE) -> 6000 | M17: =L17*K17 -> 24000

Sheet Routes
A1: Route | B1: Dist
A2: AB | B2: 3
A3: AC | B3: 6
A4: AD | B4: 2
A5: BC | B5: 5
A6: BD | B6: 6
A7: CD | B7: 4

Sheet Airplanes
A1: Airplane | B1: Cost | C1: Start
A2: A1 | B2: 4000 | C2: A
A3: A3 | B3: 8000 | C3: C
A4: A2 | B4: 6000 | C4: B
A5: A4 | B5: 10000 | C5: D
